frame,team,players,centroid_x_m,centroid_y_m,width_m,depth_m,spread_m
0,1,9,53.11333333333333,20.848888888888887,83.72,43.31,36.55149440460508
1,1,9,53.75222222222222,20.65555555555556,83.67,43.17,36.67548345175225
2,1,9,54.09444444444445,20.421111111111113,83.89999999999999,43.38,36.451653690746646
3,1,10,48.736,23.722,93.78,55.06,39.47787456284849
4,1,9,54.41333333333333,20.693333333333335,83.58,43.620000000000005,36.24951739142345
5,1,10,49.229,23.714,93.29,51.42,39.20612723797136
6,1,10,49.405,23.695,92.01,51.050000000000004,38.89317767938228
7,1,9,54.78666666666667,20.74888888888889,83.57,44.050000000000004,36.173616058744145
8,1,10,49.67700000000001,23.663,91.38,52.99,38.920276489254285
9,1,10,49.769,23.805999999999997,91.3,53.400000000000006,38.97289485013912
10,1,10,50.01599999999999,23.723999999999997,90.47999999999999,53.480000000000004,38.786872109001
11,1,10,50.235,23.592999999999996,89.63,53.18,38.424553946662805
12,1,10,50.44,23.566999999999997,88.53,52.32,38.15702872342132
13,1,10,50.537,23.560000000000002,87.41,51.85,37.98008242487107
14,1,10,50.70599999999999,23.613,86.31,51.660000000000004,37.790321578414755
15,1,11,46.25,24.89272727272727,92.62,51.64,38.91467054301082
16,1,11,46.25727272727273,24.90636363636364,92.62,51.61000000000001,38.90081148105136
17,1,10,50.861000000000004,23.707,84.64,51.52,37.552050676361205
18,1,10,50.842,23.663999999999998,83.91000000000001,51.440000000000005,37.325341257649605
19,1,10,50.742,23.478,83.65,50.89,37.02666541831711
20,1,10,50.632999999999996,23.436,83.61000000000001,50.1,36.72217946963388
21,1,10,50.635999999999996,23.468,83.64999999999999,49.800000000000004,36.62234044951251
22,1,10,50.615,23.487000000000002,83.67,49.69,36.60291991084864
23,1,10,50.396,23.484,83.67999999999999,49.68,36.532623612327654
24,1,10,50.339,23.380000000000003,83.61,49.81,36.24733850919264
25,1,10,50.571000000000005,23.477,83.63,49.800000000000004,36.03976789603396
26,1,11,46.42,24.784545454545455,93.03999999999999,49.63,37.30109975557298
27,1,11,46.65545454545454,24.64363636363636,92.77,49.27,36.99701060070164
28,1,11,46.69909090909091,24.585454545454546,92.69,49.150000000000006,36.873095591669504
29,1,11,46.99181818181818,24.473636363636366,92.12,48.89,36.66887932216912
30,1,11,47.31909090909091,24.430000000000003,91.58,48.53,36.39093205095453
31,1,11,47.647272727272735,24.566363636363633,91.27,48.18,36.251363952681174
32,1,11,47.958181818181814,24.518181818181823,91.22,47.94,36.10449824313349
33,1,11,48.05454545454545,24.481818181818184,91.22999999999999,47.87,36.05277424247006
34,1,11,48.26545454545454,24.512727272727272,91.02,47.93,35.917029249127005
35,1,10,49.991,23.508,90.83,47.44,37.03190334022814
36,1,9,46.44222222222223,20.55111111111111,90.31,47.15,36.529062165843364
37,1,9,46.71666666666667,20.42888888888889,89.99,47.12,36.308351180301464
38,1,10,50.190000000000005,22.490999999999996,89.69,47.11,36.09741720677533
39,1,10,50.022000000000006,22.490000000000002,89.91,47.129999999999995,36.0433457936413
40,1,9,51.73555555555556,21.23222222222222,89.63000000000001,46.83,37.28506638466186
41,1,9,51.691111111111105,19.86888888888889,88.73,41.56,36.426905773034456
42,1,11,49.064545454545446,24.473636363636363,87.43,46.33,34.74925104133734
43,1,11,49.1609090909091,24.41090909090909,86.48,46.47,34.57908456359419
44,1,11,49.21818181818182,24.512727272727272,86.34,46.55,34.63877751073234
45,1,10,49.112,23.818000000000005,85.43,46.52,35.91038278826891
46,1,11,49.65818181818181,24.673636363636362,85.33,46.54,34.27813564753886
47,1,11,50.040909090909096,24.681818181818183,84.16,46.34,34.105525351534055
48,1,12,48.70083333333333,26.01,83.66,46.13,33.26047139832641
49,1,12,49.04250000000001,25.951666666666668,83.63,46.04,33.24574056886419
50,1,12,49.404999999999994,26.015833333333333,83.67,45.910000000000004,33.312310026558585
51,1,11,51.75,24.684545454545454,83.7,46.03,33.84348825875756
52,1,11,51.78181818181818,24.682727272727266,83.72,46.11,33.8353728055797
53,1,10,51.646,23.753999999999998,83.71000000000001,45.620000000000005,35.28249293913343
54,1,10,47.403000000000006,24.075,83.7,46.480000000000004,34.69472821625787
55,1,8,47.285,19.6825,83.71,45.980000000000004,34.536928334031096
56,1,10,55.444,24.061,83.71000000000001,46.2,35.164663698093285
57,1,10,56.33200000000001,23.956,83.69,46.43,35.24604261473903
58,1,12,51.443333333333335,26.299166666666668,91.86999999999999,46.510000000000005,36.05367914459093
59,1,10,51.133,25.055,91.08,46.650000000000006,39.29725519676915
60,1,10,51.973,25.079,89.92,46.72,39.387377800508624
61,1,10,50.01199999999999,24.297,88.74,46.96,37.06410415752686
62,1,10,51.318999999999996,24.133,89.22,46.67,38.238654134265765
63,1,8,45.193749999999994,20.76375,87.5,46.56,38.55959117878456
64,1,8,46.7775,20.59875,88.46000000000001,46.53,39.785195798028944
65,1,9,54.22555555555555,22.75111111111111,86.61,46.78,39.001326346550364
66,1,9,54.595555555555556,22.802222222222223,85.87,47.050000000000004,39.08136267637012
67,1,10,52.682,24.410999999999998,85.97,47.42,37.83776797064013
68,1,10,52.66700000000001,24.378999999999998,85.91,47.55,37.781050408902075
69,1,11,54.26909090909091,25.23818181818182,84.72,47.7,36.4076653449211
70,1,8,44.582499999999996,19.994999999999997,83.62,47.69,35.812314833727235
71,1,11,54.309999999999995,25.227272727272727,83.92,47.050000000000004,36.339419390696
72,1,10,50.894999999999996,23.666000000000004,83.67,47.24,36.1055683932548
73,1,10,52.13199999999999,24.512999999999998,83.66,47.32,37.5379221188387
74,1,11,53.69636363636364,25.509999999999994,83.64999999999999,47.36,36.46851226437486
75,1,9,45.48,21.743333333333336,83.66,47.35,34.52590428456099
76,1,9,45.31,21.61111111111111,83.66000000000001,47.49,34.374863052476925
77,1,10,49.699,23.818999999999996,83.64999999999999,47.52,35.69298415655379
78,1,10,49.557,23.919,83.67,47.5,35.73830535993558
79,1,10,49.397,23.897,83.67,47.54,35.75235855156971
80,1,9,44.849999999999994,21.618888888888886,83.64999999999999,47.519999999999996,34.28282026660145
81,1,10,49.46999999999999,23.547,83.67,47.339999999999996,35.85958032381304
82,1,9,44.81888888888889,21.53666666666667,83.66999999999999,47.339999999999996,34.27677621443301
83,1,10,49.706999999999994,23.822,83.64,47.39,36.242517255290096
84,1,10,49.917,23.787,84.41,47.55,36.390174250750704
85,1,11,52.68545454545454,25.39,84.64,47.66,36.20042299191252
86,1,10,50.032,23.734,85.33,47.68,36.50609373789532
87,1,11,53.16454545454546,25.269999999999996,86.63999999999999,47.64,36.49933009687522
88,1,9,45.33888888888889,21.57333333333333,83.67,47.47,34.467636493268564
89,1,10,50.729,23.709,88.08999999999999,47.32,36.806852052301345
90,1,9,57.21777777777778,22.569999999999997,88.39,47.26,37.5256329512916
91,1,11,53.66000000000001,25.530909090909095,88.36999999999999,47.230000000000004,36.512197328002706
92,1,11,53.72,25.63,88.86999999999999,47.38,36.57286649466191
93,1,9,55.18555555555555,21.807777777777776,89.83999999999999,47.54,36.529343422298155
94,1,10,53.645,24.708000000000002,90.78,47.71,38.15886818290081
95,1,8,48.93625,20.947499999999998,91.34,47.769999999999996,40.26280904491762
96,1,10,53.977,24.602,91.48,47.4,38.09711953678388
97,1,10,54.25599999999999,24.731,91.88000000000001,47.31,38.13866637678879
98,1,9,52.60666666666666,23.380000000000003,91.9,47.290000000000006,39.617919907256336
99,1,11,55.10454545454545,25.820909090909087,91.66,47.21,36.55042191478452
100,1,11,55.25363636363636,25.91090909090909,91.92999999999999,47.33,36.76755504697357
101,1,11,55.48909090909091,25.899090909090912,92.68,47.32,36.946727966600996
102,1,10,54.754999999999995,24.937999999999995,93.2,47.370000000000005,38.45111209054948
103,1,9,52.488888888888894,22.95888888888889,93.66,47.34,39.18494407263214
104,1,10,53.895999999999994,24.388,93.53999999999999,47.300000000000004,37.60899839134247
105,1,9,52.766666666666666,22.99,93.78,47.13,39.09174962685719
106,1,8,50.695,21.197499999999998,93.62,47.28,40.49173704288321
107,1,10,55.40200000000001,25.014,93.3,47.28,38.08888998120056
108,1,10,53.306999999999995,25.032999999999998,83.7,47.080000000000005,35.854050566149425
109,1,9,51.49333333333333,23.647777777777776,83.7,46.81,36.81931853367129
110,1,11,57.940000000000005,26.475454545454543,92.81,46.730000000000004,37.17709665509774
111,1,11,58.200909090909086,26.670909090909092,93.56,46.690000000000005,37.22387086243814
112,1,11,58.12272727272727,26.64,93.57000000000001,46.7,37.24180595438145
113,1,11,57.99818181818182,26.634545454545457,92.42,46.7,37.06233328812867
114,1,12,59.80916666666667,27.35083333333333,92.08,46.68,36.022504289371355
115,1,12,60.14166666666667,27.47583333333333,92.12,46.71,36.18452783802921
116,1,12,60.20583333333334,27.5025,91.77000000000001,46.730000000000004,36.20873181598912
117,1,12,60.28083333333334,27.552499999999995,91.75,46.650000000000006,36.31081211414706
118,1,11,58.458181818181814,26.15818181818182,91.49,46.67,36.98738473793553
119,1,12,60.461666666666666,27.753333333333334,90.9,46.660000000000004,36.26948032130841
120,1,11,64.13181818181819,26.292727272727276,89.48,46.120000000000005,35.07643573400314
121,1,12,67.80499999999999,28.2025,97.27,48.74,36.24092383503305
122,1,12,67.8,28.250833333333336,97.26,48.77,36.28227654065029
123,1,12,67.75333333333332,28.245,97.15,48.9,36.354586329955985
124,1,11,64.16636363636363,26.528181818181817,87.9,46.59,35.45141799726111
125,1,11,64.17727272727274,26.73818181818182,87.58,46.540000000000006,35.52221863184964
126,1,12,67.38416666666667,28.344166666666666,95.24000000000001,48.410000000000004,36.14602742503125
127,1,9,60.15666666666667,23.823333333333338,93.95,48.510000000000005,37.61166072140689
128,1,12,63.240833333333335,28.283333333333335,93.58999999999999,47.050000000000004,37.70709278806545
129,1,12,63.21333333333334,28.212500000000002,93.54,46.43,37.696001657632365
130,1,12,63.276666666666664,28.254999999999995,92.78,46.410000000000004,37.648574969342754
131,1,12,63.34416666666667,28.368333333333336,91.74,46.59,37.55096609757346
132,1,11,57.86454545454546,27.434545454545454,84.0,47.11000000000001,35.359902233326565
133,1,13,64.86076923076922,29.813076923076917,92.64999999999999,47.1,36.46715610732777
134,1,13,65.23615384615384,30.058461538461543,94.10999999999999,48.06,36.480809577853684
135,1,13,65.3453846153846,30.173846153846156,94.58,48.760000000000005,36.492180016640056
136,1,13,65.68461538461538,30.14461538461539,95.42,48.870000000000005,36.416833012045664
137,1,12,62.81666666666666,29.30666666666667,89.84,48.03,35.748179596231815
138,1,12,63.48499999999999,29.3275,90.03999999999999,47.6,35.66833063680814
139,1,12,64.31416666666667,29.638333333333335,89.89999999999999,48.95,35.77349328102831
140,1,12,65.2625,29.8475,90.96000000000001,49.07,35.94343501716737
141,1,11,63.54272727272728,28.25909090909091,91.32,49.14,36.50882671490791
142,1,12,66.3875,29.875833333333336,92.05,48.370000000000005,36.10568182048667
143,1,12,66.8575,30.07916666666667,91.53,49.68,36.14946278608055
144,1,12,67.08416666666666,30.21083333333333,91.07000000000001,50.150000000000006,36.20158512106587
145,1,11,65.10272727272728,28.779999999999994,91.67,50.06,36.80013218625199
146,1,12,67.23666666666666,30.35666666666667,91.89,50.19,36.33007676537138
147,1,12,67.19833333333334,30.25166666666666,91.43,48.86,36.17220955988788
148,1,12,67.0075,30.442499999999995,90.08999999999999,50.24,36.10667557160771
149,1,12,66.635,30.546666666666667,89.47999999999999,50.58,35.97827859355636
150,1,14,61.840714285714284,31.210714285714285,94.92,50.89,36.942416954067355
151,1,13,61.20538461538461,31.20307692307692,93.56,50.04,37.97929881476932
152,1,14,61.40142857142858,31.099285714285713,93.07,50.089999999999996,36.49217182618536
153,1,14,61.134285714285724,31.042142857142856,91.58,49.88,36.18284121609838
154,1,12,58.13333333333335,28.411666666666665,89.24,50.79,37.14274944199892
155,1,12,57.76666666666667,28.47333333333334,87.17999999999999,51.410000000000004,36.797753705597
156,1,12,57.38083333333333,28.508333333333336,85.63,51.74,36.49465994993118
157,1,12,56.79833333333334,28.71166666666667,85.47,52.019999999999996,36.34964343398403
158,1,12,56.307500000000005,28.790833333333335,85.46000000000001,52.24,36.187074714445885
159,1,13,58.00615384615384,30.476923076923075,85.58999999999999,52.32,35.840189500502824
160,1,13,57.620769230769234,30.56692307692308,85.75,52.56,35.77818992844961
161,1,12,56.0225,29.719166666666666,85.75,52.68,36.720752893364754
162,1,11,53.77909090909091,27.930909090909097,85.62,52.73,37.06228048448643
163,1,13,57.01230769230769,30.84307692307692,85.65,52.81,35.702535470933356
164,1,12,55.862500000000004,29.96166666666667,85.53,52.85,36.72828677335162
165,1,13,57.132307692307684,30.901538461538454,85.25999999999999,52.83,35.65419448838221
166,1,11,54.00636363636363,28.09,84.86000000000001,52.9,37.09260236776631
167,1,13,57.2776923076923,31.253846153846155,84.33,52.93,35.79276585532284
168,1,12,55.57416666666668,29.589166666666667,83.81,52.98,36.0489528088003
169,1,12,55.895,29.6075,83.69,53.1,36.115294688215776
170,1,13,58.30384615384616,31.275384615384613,83.71,53.209999999999994,35.93630201296266
171,1,12,56.45249999999999,29.568333333333328,83.72,53.239999999999995,36.08665172385613
172,1,13,58.868461538461546,31.183076923076918,84.03,53.26,35.90677913940041
173,1,13,59.410769230769226,31.174615384615393,84.81,53.24,35.93200246553805
174,1,12,59.0625,29.949999999999992,85.72,53.25,37.03486760810682
175,1,13,60.862307692307695,31.184615384615384,87.0,53.24,36.14808107881348
176,1,12,59.550000000000004,29.460000000000004,88.41,53.24,36.38136175754466
177,1,12,60.012499999999996,29.63166666666666,89.21000000000001,53.230000000000004,36.52003056733235
178,1,12,61.83166666666667,29.958333333333332,90.66,53.300000000000004,37.40872662598632
179,1,11,60.27181818181818,27.95818181818182,92.3,53.4,37.48529108775713
180,1,11,61.435454545454554,27.91818181818182,93.99,53.45,37.62010105390182
181,1,11,62.60545454545454,27.937272727272727,94.92,53.660000000000004,37.781389226718844
182,1,10,59.620000000000005,25.467999999999996,83.46,51.67,36.41337825580044
183,1,11,63.94818181818182,27.89363636363636,91.55,53.13,37.601851765549355
184,1,9,60.00444444444444,23.416666666666668,85.31,51.78,38.063668040420886
185,1,10,61.98199999999999,25.499000000000002,87.7,51.99,37.05258783135126
186,1,9,59.31666666666667,25.124444444444446,83.57,52.309999999999995,37.44297445185771
187,1,10,64.434,25.822999999999997,92.61,52.699999999999996,38.04995565043407
188,1,9,61.5611111111111,25.514444444444447,87.42999999999999,53.17,38.19828517255005
189,1,10,66.107,27.713,92.89,53.34,38.894152542509524
190,1,9,63.11333333333333,25.75111111111111,90.13,53.7,38.809712542794244
191,1,9,64.28777777777778,25.976666666666663,92.37,54.28,39.15079955981537
192,1,9,65.64555555555555,26.143333333333334,94.67,54.78,39.66428735472282
193,1,8,62.04375,23.406250000000004,86.27000000000001,55.39,39.09056307953366
194,1,8,63.434999999999995,23.57125,91.39,55.830000000000005,39.92358401919222
195,1,8,63.7275,23.62125,91.61999999999999,55.93,40.04010838755934
196,1,8,64.2775,23.735,92.42,56.26,40.36433628526549
197,1,7,59.16428571428572,19.307142857142857,91.14,48.95,38.782547831808714
198,1,7,59.45999999999999,20.647142857142857,93.36,56.82,40.22994325988886
199,1,7,59.605714285714285,20.502857142857142,94.21,55.07,40.226434297940585
200,1,6,52.21666666666666,14.996666666666668,83.59,49.81,35.94793055394304
201,1,6,52.20166666666666,15.021666666666667,83.61,49.93,35.97450617373982
202,1,6,52.21166666666667,15.1,83.6,50.199999999999996,36.032609960361675
203,1,6,52.423333333333325,15.163333333333332,83.63,50.489999999999995,36.03625412152477
204,1,6,52.47,15.206666666666669,83.61999999999999,50.6,36.028508465133854
205,1,7,59.80571428571428,19.795714285714286,95.59,50.699999999999996,39.80203358562249
206,1,7,59.64142857142857,19.812857142857144,95.57000000000001,50.73,39.835407847383046
207,1,7,59.567142857142855,19.83142857142857,95.57000000000001,50.74,39.86044302773549
208,1,7,59.42857142857143,19.872857142857146,95.64999999999999,50.7,39.914347274724996
209,1,7,59.25428571428572,19.89428571428571,95.49000000000001,50.65,39.907196527617394
210,1,7,59.074285714285715,19.872857142857146,95.16,50.63,39.84654585188697
211,1,7,58.74857142857143,19.804285714285715,94.47999999999999,50.6,39.748560903227066
212,1,7,58.49857142857143,19.73857142857143,93.96,50.52,39.65619456461927
213,1,7,58.39285714285713,19.715714285714284,93.78,50.49,39.62710528753504
214,1,7,58.19571428571428,19.694285714285716,93.23,50.51,39.534865883270214
215,1,7,57.887142857142855,19.610000000000003,92.42999999999999,50.230000000000004,39.370690590222324
216,1,6,50.38,15.116666666666665,83.68,50.19,35.86135276620533
217,1,7,57.42,19.55,91.21000000000001,50.15,39.148215430956384
218,1,8,63.50125,23.59375,97.04,53.07,41.40466078082273
219,1,8,63.301249999999996,23.54875,96.62,53.07,41.229760451341456
220,1,8,63.2325,23.529999999999998,96.49,53.07,41.167446407932566
221,1,8,62.6775,23.36625,94.96,53.1,40.77536900124265
222,1,8,62.3775,23.3275,95.25999999999999,53.0,40.652505304101496
223,1,8,61.9675,23.392500000000002,94.94,53.120000000000005,40.531656300970475
224,1,8,61.230000000000004,23.39125,93.96000000000001,53.09,40.36237494173875
225,1,8,60.42125,23.333750000000002,92.44000000000001,52.87,40.0666305592946
226,1,8,60.115,23.313750000000002,91.88,52.76,39.96478948321259
227,1,7,62.67857142857143,20.185714285714287,90.55,52.620000000000005,40.59645033241006
228,1,7,61.887142857142855,20.24857142857143,88.7,52.589999999999996,40.29182233330698
229,1,7,61.04142857142857,20.16142857142857,86.71,52.43,39.89578776804204
230,1,8,65.70625,23.5,94.21,52.43,40.74293249678403
231,1,8,65.1575,23.47625,94.17,52.53,40.60357517740895
232,1,8,64.94874999999999,23.485,94.07000000000001,52.58,40.55440094413306
233,1,8,64.62249999999999,23.4875,94.44999999999999,52.49,40.549884555939244
234,1,8,64.26249999999999,23.4475,93.64,52.38,40.349076972094416
235,1,8,63.99375,23.435,93.34,52.230000000000004,40.255230696612585
236,1,9,68.52888888888889,27.214444444444446,96.23,59.06,41.589152580278416
237,1,9,68.5,27.194444444444443,96.22,59.050000000000004,41.57771227502412
238,1,9,68.4,27.167777777777776,96.21000000000001,59.050000000000004,41.54125547179382
239,1,9,68.25444444444445,27.125555555555554,96.22,58.84,41.522964789839754
240,1,9,68.18444444444445,27.10333333333333,96.33,58.57,41.52194951297476
241,1,9,68.07333333333332,27.03,96.28999999999999,58.27,41.45750407880875
242,1,9,68.06777777777778,26.962222222222223,96.41999999999999,57.93,41.4534825116742
243,1,9,68.07666666666665,26.93777777777778,96.47999999999999,57.81,41.45261733534587
244,1,9,68.01777777777778,26.883333333333333,96.55000000000001,57.63,41.42436770194776
245,1,9,67.99444444444444,26.89222222222222,96.61,57.440000000000005,41.37325354189558
246,1,9,67.80666666666667,27.263333333333332,96.42,60.96,41.60422734931311
247,1,9,67.6588888888889,27.375555555555554,96.42,62.21,41.6841583433098
248,1,8,62.69625,23.13,94.15,51.900000000000006,39.76433576004382
249,1,9,67.20444444444445,27.452222222222222,96.32,62.970000000000006,41.66231921023251
250,1,9,66.85666666666665,27.48,96.22999999999999,63.13,41.61906667755911
251,1,9,66.6288888888889,27.53,95.64,63.28,41.36784270271467
252,1,9,66.05888888888889,27.558888888888887,94.9,63.38,41.35953440767622
253,1,9,65.50222222222222,27.58666666666667,94.03,63.46,41.25878405537898
254,1,8,65.0025,25.621250000000003,92.63,63.38,43.1510246655569
255,1,9,68.90444444444444,29.29444444444444,95.28999999999999,63.39,43.68867517185208
256,1,9,68.47777777777777,29.336666666666662,95.06,63.51,43.60458736768613
257,1,9,67.84777777777778,29.342222222222226,94.39,63.220000000000006,43.39631462989444
258,1,9,67.14888888888889,29.421111111111113,93.49,63.440000000000005,43.24163731325242
259,1,9,66.46222222222222,29.43333333333333,92.71000000000001,63.230000000000004,43.0615739449603
260,1,9,65.69111111111111,29.453333333333333,91.7,63.14,42.877593072073445
261,1,9,64.75333333333333,29.400000000000002,90.27,63.09,42.612971942564364
262,1,8,60.51625,33.21875,89.3,63.04,42.19707554292122
263,1,9,63.25666666666666,29.44888888888889,88.05999999999999,63.06,42.28606821912033
264,1,10,61.8,30.755000000000003,86.7,63.04,40.1517228148432
265,1,9,61.26777777777777,29.41111111111111,85.13999999999999,63.019999999999996,41.816766499740595
266,1,9,60.25111111111111,29.348888888888887,83.81,63.0,41.57380422250127
267,1,9,59.26555555555555,29.332222222222224,83.66,62.940000000000005,41.42457346092719
268,1,9,58.92555555555556,29.332222222222224,83.66,62.93,41.382819540075076
269,1,4,51.81,-0.9275,83.61,0.2300000000000001,33.40686035457388
270,1,8,62.553749999999994,7.402500000000001,91.58,33.440000000000005,33.75083468875251
271,1,8,62.655,7.4675,91.53999999999999,33.85,33.727205543151655
272,1,7,58.424285714285716,8.73,91.74,33.970000000000006,33.747783358802295
273,1,7,60.92857142857143,7.395714285714285,91.55,34.15,35.66198587760774
274,1,8,62.99375,7.62875,91.31,34.09,33.7336295019525
275,1,8,63.10874999999999,7.6587499999999995,90.82000000000001,34.11,33.68121059099568
276,1,7,61.03857142857142,7.575714285714286,90.39999999999999,34.15,35.411300571473866
277,1,8,62.8925,7.747499999999999,90.17,34.05,33.34456908553476
278,1,6,69.31500000000001,9.03,69.92999999999999,34.01,30.20436378516632
279,1,8,62.255,7.762499999999999,89.64,33.94,32.80795054175131
280,1,8,61.868750000000006,7.776250000000001,88.94999999999999,34.01,32.49531249849738
281,1,8,61.69875,7.79125,88.5,34.02,32.321843958459425
282,1,8,61.60875000000001,7.828750000000001,87.83,34.1,32.160903623421405
283,1,7,56.98857142857144,9.098571428571427,87.48,34.12,31.553970932873934
284,1,7,57.12714285714286,9.095714285714285,87.59,34.13,31.551879985386684
285,1,7,65.28714285714285,7.715714285714285,87.83,34.08,32.70637970594403
286,1,8,61.661249999999995,7.83,87.74000000000001,33.63,31.908607552469284
287,1,5,58.35799999999999,4.514,87.19,17.04,33.59769754015891
288,1,7,56.17,9.211428571428572,86.59,33.73,30.94261944243221
289,1,7,56.02571428571428,9.307142857142855,86.03,33.82,30.840883149958398
290,1,7,55.65571428571428,9.347142857142858,85.39,33.769999999999996,30.63848120602986
291,1,7,55.715714285714284,9.382857142857144,85.2,33.8,30.579079016042776
292,1,8,60.3125,8.122499999999999,85.63,33.9,31.475184868400692
293,1,7,63.01285714285713,8.028571428571428,85.82,33.98,32.78533476282047
294,1,6,57.98333333333333,9.521666666666668,85.78999999999999,33.86,32.679707303530805
295,1,6,58.01499999999999,9.5,85.69,33.71,32.81793399448946
296,1,7,63.46571428571428,7.998571428571429,86.48,33.650000000000006,33.21176611026979
297,1,6,59.56333333333333,7.760000000000001,85.45,33.72,34.20713749432355
298,1,6,59.38666666666666,7.755,84.71000000000001,33.53,34.078342299602674
299,1,7,57.79142857142857,8.06857142857143,84.41,34.64,31.84401798819761
300,1,7,57.64,8.208571428571428,83.85000000000001,35.6,31.869903145924564
301,1,7,57.521428571428565,8.214285714285714,84.16,35.67,31.948380815538897
302,1,7,57.51857142857143,8.201428571428574,84.41,35.660000000000004,31.988045917696393
303,1,7,57.33285714285713,8.198571428571428,84.28999999999999,35.46,31.994222310043565
304,1,7,56.97285714285715,8.285714285714286,83.79,35.56,32.023285532976324
305,1,7,56.557142857142864,8.328571428571427,83.57,35.4,32.023179168871295
306,1,8,60.57,8.512500000000001,83.55,35.61,32.17826896758121
307,1,7,61.40428571428572,8.46,83.53,35.339999999999996,33.85105689725543
308,1,8,59.4875,8.62375,83.52000000000001,35.75,31.981435508549332
309,1,8,59.46875,8.67,83.56,36.0,32.487393492514904
310,1,6,57.48833333333334,4.169999999999999,83.55999999999999,20.900000000000002,31.08319075034322
311,1,7,62.87857142857143,4.925714285714286,83.82,20.94,31.62860110980669
312,1,7,62.89142857142857,4.935714285714285,83.99,20.96,31.584711620707655
313,1,7,62.98142857142857,4.928571428571429,84.19,20.98,31.600598935166158
314,1,7,62.92714285714286,4.938571428571429,84.4,20.97,31.53502186588163
315,1,7,62.98142857142857,4.965714285714285,84.63000000000001,21.0,31.55767024069439
316,1,7,62.93714285714285,4.97,84.89,21.02,31.48195706127818
317,1,6,64.24,4.281666666666666,85.03,20.970000000000002,33.59149764283946
318,1,7,62.81142857142857,4.990000000000001,85.22999999999999,20.96,31.34647778280289
319,1,6,64.17833333333333,4.306666666666667,85.57,20.95,33.58403295383752
320,1,5,52.17999999999999,1.138,85.81,10.48,30.790277296575294
321,1,6,57.52166666666667,4.276666666666666,86.82000000000001,21.18,31.39554696839099
322,1,5,58.70399999999999,5.359999999999999,86.72,21.11,34.12872549627367
323,1,5,58.83599999999999,5.386,87.16,21.26,34.28466841023842
324,1,5,52.224000000000004,1.202,86.13,10.84,30.902143614966256
325,1,7,62.29571428571429,3.588571428571428,85.73,21.11,31.459297642561335
326,1,5,51.69200000000001,-0.942,83.48,0.22000000000000008,29.856005627009118
327,1,7,62.23571428571428,3.5157142857142856,85.50999999999999,20.84,31.380464220496766
328,1,6,57.166666666666664,4.288333333333333,85.84,20.83,31.056675655610306
329,1,7,62.374285714285705,3.5342857142857147,86.09,20.840000000000003,31.512273669742314
330,1,7,62.27428571428572,3.507142857142857,85.66,20.78,31.41478795154945
331,1,8,56.25875,7.1325,85.78,33.68,34.775585612430746
332,1,7,62.247142857142855,3.542857142857143,85.66999999999999,20.92,31.41396205900965
333,1,7,62.43428571428571,3.575714285714286,86.22,20.990000000000002,31.574481882090307
334,1,5,58.624,5.409999999999999,86.46000000000001,21.02,34.06009958881506
335,1,7,51.51,8.355714285714287,86.53,33.78,33.889462271644625
336,1,5,58.678,5.284000000000001,86.57000000000001,20.740000000000002,34.068377126009395
337,1,6,57.333333333333336,4.266666666666667,86.25,20.810000000000002,31.219190857191958
338,1,6,57.291666666666664,4.278333333333333,86.08000000000001,20.830000000000002,31.17963642792805
339,1,8,56.78125,7.09,86.41,33.37,34.588428859049095
340,1,7,62.56714285714286,3.4814285714285704,86.5,20.759999999999998,31.64121324333509
341,1,7,51.769999999999996,8.282857142857143,86.55000000000001,33.29,33.646394293885216
342,1,7,51.801428571428566,8.307142857142857,86.57,33.29,33.626284422779044
343,1,6,57.23666666666666,4.34,85.91999999999999,21.049999999999997,31.139678154334796
344,1,6,57.14833333333333,4.345,85.68,21.06,31.053633800607333
345,1,6,57.10166666666667,4.276666666666666,85.53,20.9,30.994610866693872
346,1,6,57.065,4.213333333333334,85.45,20.59,30.93437484776801
347,1,6,57.18,4.266666666666667,85.74000000000001,20.79,31.061957261075626
348,1,6,57.24166666666667,4.271666666666667,85.86,20.85,31.130688949081172
349,1,7,62.27571428571429,3.5028571428571422,85.6,20.869999999999997,31.420891853955375
350,1,6,57.05166666666668,4.316666666666666,85.49,21.009999999999998,30.961631138843085
351,1,6,57.05000000000001,4.336666666666667,85.36,21.04,30.953896182692237
352,1,4,51.83500000000001,-0.9225,83.36,0.20000000000000007,33.34342354573088
353,1,4,51.855000000000004,-0.9125000000000001,83.33000000000001,0.20000000000000007,33.332433810779555
354,1,5,54.65599999999999,8.206,83.33,45.72,35.388331523257776
355,1,6,55.096666666666664,15.401666666666666,83.32,52.510000000000005,36.090461843970786
356,1,6,54.66,15.38,83.33,52.65,36.0420583023038
357,1,5,51.988,9.622,83.35,52.809999999999995,36.50963752216666
358,1,5,51.448,9.548,83.39,52.43,36.439630514043365
359,1,5,50.804,9.620000000000001,83.37,52.86,36.586326735544255
360,1,7,44.87714285714286,19.101428571428574,89.48,53.2,38.42232429306734
361,1,9,41.29888888888889,23.723333333333336,89.96000000000001,53.32,35.667164309439336
362,1,10,41.727999999999994,27.331,91.42999999999999,60.58,35.87505909402798
363,1,10,40.678999999999995,27.380000000000003,92.53999999999999,60.82,36.08146434112673
364,1,10,42.39999999999999,27.306,83.53999999999999,61.07,34.10084374322723
365,1,7,45.31428571428571,21.655714285714286,83.51,61.28,37.64323718973235
366,1,6,48.29,13.834999999999999,83.54,45.7,35.41365496998768
367,1,6,48.199999999999996,13.853333333333333,83.54,45.760000000000005,35.4432267467597
368,1,7,45.09428571428571,20.109999999999996,83.53999999999999,62.03,37.834104742053206
369,1,7,42.64428571428572,17.412857142857142,83.53,45.85,36.15740729146403
370,1,8,41.81125,24.55375,83.53,62.67,37.97792989849499
371,1,9,39.444444444444436,26.655555555555555,83.56,63.220000000000006,36.87506571661857
372,1,7,44.935714285714276,22.768571428571427,83.5,63.660000000000004,39.00917631448649
373,1,7,44.755714285714284,22.817142857142862,83.47999999999999,63.82,39.121359007737
374,1,8,40.06625,25.011249999999997,83.5,64.16,38.89247625666177
375,1,9,37.67444444444445,26.96888888888889,83.46,64.1,37.59927232025037
376,1,9,37.13333333333333,27.15777777777778,84.39999999999999,64.67,37.923188092006825
377,1,10,34.702999999999996,28.554000000000002,85.27000000000001,64.78,36.88563358544896
378,1,9,37.20777777777778,27.383333333333333,83.52000000000001,65.1,37.788462606632194
379,1,9,37.05,27.434444444444445,83.53,65.21,37.89905982742143
380,1,8,39.5175,25.96375,83.56,65.60000000000001,39.27252146460041
381,1,8,39.18875,26.1225,83.58000000000001,66.5,39.57278268819998
382,1,11,39.67363636363637,30.333636363636366,96.33000000000001,66.64999999999999,41.42325467776734
383,1,12,36.45083333333333,31.90166666666667,96.26,67.36999999999999,41.09051477970446
384,1,11,37.97636363636363,31.236363636363638,96.75,67.75999999999999,42.34942879199511
385,1,11,37.849999999999994,31.29090909090909,96.98,67.89,42.37583733783493
386,1,11,37.515454545454546,31.39,97.34,68.22,42.442108456672294
387,1,12,35.376666666666665,32.26416666666666,96.97999999999999,68.57,41.17540503578697
388,1,12,35.0475,32.391666666666666,96.07000000000001,68.89,41.23029427462557
389,1,10,36.938,29.29,87.81,69.19000000000001,42.8845703721047
390,1,11,37.552727272727275,31.09636363636363,86.72,69.57,41.45554735631372
391,1,11,37.44272727272727,31.145454545454548,86.39,69.69,41.491518838639664
392,1,11,37.265454545454546,31.173636363636366,86.58,69.89,41.499257525968
393,1,10,39.471,30.244000000000007,87.25,70.17,42.73606431341099
394,1,9,42.95111111111111,28.993333333333332,87.89,70.27,43.56678894255844
395,1,10,39.465,30.352999999999998,88.69999999999999,70.51,42.6756980727908
396,1,10,39.472,30.313,89.73,70.42,42.4921131152594
397,1,11,37.54636363636364,31.282727272727275,90.09,70.38000000000001,41.03860673774399
398,1,11,37.71272727272727,31.226363636363637,90.73,70.28,41.00359992258692
399,1,11,37.78909090909091,30.815454545454546,91.2,69.94000000000001,40.655611447237646
400,1,10,33.286,29.659000000000002,91.44,70.03,39.50699929126483
401,1,11,33.24636363636363,33.11545454545455,93.34,70.16000000000001,42.85479131722584
402,1,11,38.42818181818182,31.123636363636365,92.11,70.36,40.499158036345555
403,1,11,38.50909090909091,31.138181818181817,92.21,70.43,40.46525990901495
404,1,10,42.417,27.326,89.97999999999999,60.050000000000004,38.396523866100175
405,1,10,42.449000000000005,27.304000000000002,90.24000000000001,60.11000000000001,38.16026720294291
406,1,9,38.51111111111111,25.297777777777778,90.39,60.14,37.34543233180442
407,1,9,38.78,25.076666666666668,90.60000000000001,60.29,37.250980896853946
408,1,9,39.080000000000005,25.040000000000003,90.6,60.27,37.22223648424271
409,1,9,39.18111111111111,25.03111111111111,90.6,60.26,37.21633150733959
410,1,10,43.04600000000001,27.134000000000004,90.99,60.17,37.459803896977355
411,1,9,39.69111111111111,25.08777777777778,90.84,60.05,37.21801959691098
412,1,10,43.188,27.065999999999995,90.72000000000001,60.0,37.21569991280562
413,1,9,45.46777777777778,25.624444444444446,91.21,59.849999999999994,38.469744789867406
414,1,10,44.116,26.869999999999997,91.42,59.79,36.95443091159705
415,1,10,44.809000000000005,26.781,90.9,59.66,36.76790336693133
416,1,9,47.154444444444444,25.45,89.65,59.3,38.169483771175436
417,1,8,45.92125,22.8125,88.22,59.03,39.01430384727504
418,1,8,46.915000000000006,22.718749999999996,86.66,59.1,38.788269952880086
419,1,8,47.964999999999996,22.668750000000003,84.82000000000001,58.940000000000005,38.34892385631571
420,1,9,48.44666666666667,24.38888888888889,83.45,58.61,36.2816278712471
421,1,9,48.77777777777778,24.387777777777774,83.44,58.489999999999995,36.20952592759583
422,1,9,49.796666666666674,24.258888888888887,83.47999999999999,57.96,36.02120099313256
423,1,8,51.27875,22.3725,83.56,57.55,37.79854798385118
424,1,8,51.745,22.32125,83.58,57.4,37.80518133718578
425,1,7,53.85000000000001,19.759999999999998,83.57000000000001,57.19,39.26540243740574
426,1,10,56.958000000000006,25.988,83.58000000000001,57.12,35.67583512687545
427,1,10,57.794,25.933999999999997,83.56,56.99,35.68045498588828
428,1,11,54.23272727272727,29.479090909090914,86.07,66.63,38.86453385460241
429,1,10,52.928,28.214,84.59,66.12,39.739893306348975
430,1,11,49.66636363636363,29.524545454545454,84.60999999999999,65.65,40.057680828880116
431,1,11,49.92181818181819,29.488181818181815,84.33,65.52,39.985092594016415
432,1,11,50.81727272727273,29.400909090909092,84.57000000000001,65.39,39.86663780553052
433,1,11,51.64272727272728,29.208181818181814,85.66,65.11,39.71064338873279
434,1,11,52.51454545454545,29.084545454545456,86.9,64.52,39.78401043070461
435,1,10,49.641999999999996,27.500999999999998,88.16,64.05,39.773184999444034
436,1,12,56.2175,29.808333333333337,89.07000000000001,63.92,39.02208091972487
437,1,12,56.35666666666666,29.720000000000002,89.34,63.9,38.9610008712416
438,1,12,56.70416666666666,29.680000000000003,89.89999999999999,63.68,38.929131863411605
439,1,12,57.04750000000001,29.605833333333333,90.57000000000001,63.82,38.86178448110117
440,1,13,53.21769230769231,30.85846153846154,100.29,63.769999999999996,40.511564160980384
441,1,13,53.76999999999999,30.870000000000005,100.46000000000001,63.730000000000004,40.53057421445995
442,1,13,54.41615384615385,30.87769230769231,100.05,63.64,40.522349710197
443,1,12,53.89833333333333,30.345,99.28,62.830000000000005,41.87008604667007
444,1,12,54.13416666666668,30.311666666666667,99.05000000000001,62.53,41.86041931062219
446,1,5,42.666000000000004,25.368000000000002,70.91,70.53999999999999,43.546274237872524
447,1,4,34.9725,31.847499999999997,70.71000000000001,70.34,42.69301274798958
448,1,4,35.152499999999996,32.2625,70.13,70.35,42.70919265802153
449,1,5,42.994,25.72,69.37,70.44,43.22342309442879
450,1,4,35.2825,31.947499999999998,68.86,69.94999999999999,42.01165597188476
451,1,4,35.6275,31.869999999999997,69.36,70.03999999999999,42.0201043400656
452,1,4,36.6425,32.11,72.9,70.06,43.078228477387505
453,1,4,37.13,31.9375,74.2,70.2,43.281179729184835
454,1,4,36.6375,31.52,71.9,70.03,42.35359865170845
455,1,5,46.55,13.099999999999998,83.63,70.17,42.32671024306047
456,1,4,55.74999999999999,16.61,67.94999999999999,70.32000000000001,41.904978224549886
457,1,3,43.18333333333334,19.433333333333334,48.870000000000005,61.24,36.24424061527262
458,1,3,36.45333333333334,18.636666666666667,63.77,57.220000000000006,38.060514680936436
460,1,5,46.234,15.483999999999998,81.28,62.53,39.293516615339996
461,1,5,47.362,24.381999999999998,87.09,67.63,45.08459949916379
462,1,4,34.6575,12.755,63.57000000000001,54.93000000000001,33.45882310766474
463,1,4,34.7125,12.357499999999998,63.99,53.34,33.1157656940014
464,1,5,46.50599999999999,9.661999999999999,83.45,53.150000000000006,38.095584521043904
465,1,5,46.494,9.412,83.53999999999999,51.910000000000004,37.87476521379374
466,1,5,46.372,9.346,83.55,51.5,37.866568896587395
467,1,5,46.59,9.514,83.59,52.440000000000005,37.953505556140655
468,1,4,37.6325,26.450000000000003,75.99,55.940000000000005,39.7103817502426
469,1,3,22.136666666666667,17.276666666666667,20.2,54.54,27.170816043034932
470,1,4,35.1125,12.815,64.34,55.18,33.69339614449692
471,1,5,48.186,30.932,80.66,58.86,41.94456007636747
472,1,7,57.598571428571425,22.109999999999996,83.54,58.64,41.57795069112316
473,1,6,53.053333333333335,16.47666666666667,83.55,59.38,40.70308069148793
474,1,7,51.792857142857144,16.639999999999997,83.56,63.599999999999994,40.01886580611903
475,1,7,52.73428571428571,14.944285714285714,83.57,64.64,39.13574533933532
476,1,7,52.75428571428572,14.971428571428573,83.56,64.76,39.21149185988147
477,1,7,52.59285714285714,14.457142857142857,83.59,62.12,38.74486083103573
478,1,7,52.50285714285714,14.348571428571429,83.6,62.019999999999996,38.59640180966434
479,1,7,51.92857142857143,15.448571428571427,83.61,60.449999999999996,39.12821373643425
480,1,7,51.98857142857143,15.292857142857144,83.61,59.85,39.00388337547105
481,1,7,51.978571428571435,15.475714285714288,83.61,60.57,39.13632046567276
482,1,8,56.057500000000005,19.386249999999997,83.59,62.03,39.53880520687873
483,1,7,52.53857142857142,14.487142857142857,83.58,60.68,38.76810955369564
484,1,7,52.537142857142854,14.450000000000001,83.58,59.88,38.70356451442746
485,1,6,59.171666666666674,18.988333333333333,67.62,61.21,38.2032209956758
486,1,7,52.53857142857142,14.492857142857144,83.6,61.38,38.8188309027083
487,1,7,52.25714285714287,16.235714285714288,83.56,61.65,40.06210270903648
488,1,7,52.755714285714284,14.284285714285716,83.53999999999999,60.42,38.54022600359478
489,1,7,52.271428571428565,15.930000000000001,83.55,60.580000000000005,39.663268156019704
490,1,7,52.25571428571429,15.784285714285716,83.56,60.5,39.48977217106284
491,1,7,52.134285714285724,15.997142857142858,83.56,60.41,39.69057411362788
492,1,7,52.088571428571434,16.074285714285715,83.56,60.370000000000005,39.76523797263645
493,1,8,56.29625,20.25375,83.58,62.93,40.50107926802692
494,1,8,56.31125,20.330000000000002,83.56,62.43,40.4868566443173
495,1,8,56.318749999999994,20.355,83.56,62.75,40.48479203278065
496,1,8,56.2275,20.005,83.56,62.239999999999995,40.201825129588336
497,1,8,56.18375,19.8675,83.56,62.21,40.11934093660438
498,1,6,59.081666666666656,19.135,67.83,61.63,38.19288073566707
499,1,6,59.09166666666667,19.293333333333333,67.67,62.11000000000001,38.325268898092695
500,1,7,52.07999999999999,16.634285714285717,83.58,63.02,40.30713473076549
501,1,7,52.05142857142857,16.5,83.56,62.33,40.2133263016739
502,1,6,59.800000000000004,17.395,67.41,63.12,37.02240661635419
503,1,7,52.43,14.52,83.59,62.06,38.614346334712735
504,1,8,55.9475,20.002499999999998,83.6,63.49,39.92149655887164
505,1,7,52.61571428571428,14.265714285714287,83.59,61.32,38.469270004691765
506,1,4,51.8625,-0.9875,83.56,0.16000000000000003,33.4205309278593
507,1,11,49.652727272727276,18.50181818181818,92.42999999999999,48.68,37.58865058621501
508,1,12,51.64333333333334,19.080833333333334,92.07,48.39,36.52013709167101
509,1,13,51.722307692307695,20.647692307692303,91.96,48.4,35.52225896049975
510,1,13,51.642307692307696,20.6,92.39,48.24,35.51780705155485
511,1,13,51.60153846153847,20.513846153846153,92.91000000000001,47.97,35.502677338826885
512,1,14,53.944285714285705,21.13357142857143,93.42,47.51,35.33183617431989
513,1,14,53.89999999999999,21.12857142857143,93.63,47.370000000000005,35.31109231978426
514,1,13,51.51769230769231,20.41923076923077,93.75999999999999,47.18,35.40634593606602
515,1,12,55.63416666666666,20.22,89.22,47.05,33.66497993918243
516,1,13,57.541538461538465,20.490000000000002,93.87,47.04,33.83536903350008
517,1,14,61.04357142857143,20.02214285714286,104.05999999999999,47.04,34.97880435466074
518,1,12,55.1175,19.598333333333333,93.91999999999999,47.019999999999996,33.94329265071705
519,1,14,55.222142857142856,21.471428571428568,104.02000000000001,47.019999999999996,37.07031832221305
520,1,13,58.94692307692307,20.316153846153842,104.17,46.919999999999995,35.46543320844568
521,1,14,55.15428571428571,21.216428571428573,103.91,46.75,36.62610921215094
522,1,12,54.55083333333334,19.338333333333335,95.13,46.629999999999995,33.81753940676018
523,1,14,47.64857142857143,21.132142857142856,95.27000000000001,46.589999999999996,35.670172420528104
524,1,13,51.02153846153847,20.98769230769231,92.91,46.150000000000006,34.23724108223495
525,1,15,58.11866666666666,21.054666666666662,103.5,45.970000000000006,36.91691676062766
526,1,13,65.44923076923078,19.465384615384615,96.8,45.769999999999996,33.21941162747678
527,1,13,65.1376923076923,19.468461538461536,96.82,45.669999999999995,33.11505746287074
528,1,13,64.86846153846153,19.45076923076923,96.84,45.6,33.0474084420205
529,1,14,66.16642857142858,20.18,96.76,45.58,32.359880276827546
530,1,14,61.48214285714285,20.51571428571429,96.74,45.6,33.74667960235012
531,1,14,60.669999999999995,20.707857142857144,96.71000000000001,45.660000000000004,33.008722262580285
532,1,13,57.00307692307692,21.192307692307693,87.91,45.5,31.3574203065881
533,1,13,49.403076923076924,21.03153846153846,92.46,45.46,32.19326069722554
534,1,13,57.285384615384615,21.48076923076923,95.19,45.27,32.26182313435902
535,1,14,59.88642857142857,22.004285714285714,95.03,45.230000000000004,32.73256074863782
536,1,14,58.835,21.979285714285712,93.12,45.24,32.50479991242737
537,1,13,54.74692307692308,21.346923076923076,90.75999999999999,44.989999999999995,31.825891919154504
538,1,13,53.20769230769231,21.305384615384614,87.60000000000001,44.75,31.63445097923143
539,1,12,49.52916666666667,20.639166666666664,84.6,44.72,31.78075594776045
540,1,13,50.73076923076923,21.286153846153848,83.59,44.620000000000005,32.02953108521044
541,1,12,50.785,23.147499999999997,83.55,44.62,32.23086502743398
542,1,13,47.67615384615385,21.27076923076923,83.56,44.62,32.134723371360245
543,1,13,51.74076923076923,25.78538461538462,93.81,60.470000000000006,35.7484284919627
544,1,14,48.686428571428564,23.818571428571424,92.03999999999999,60.5,35.5778248480478
545,1,13,45.01615384615384,23.37076923076923,89.18,60.47,36.076773052008875
546,1,11,49.054545454545455,22.69818181818182,86.07000000000001,60.53,36.323619959224175
547,1,13,47.90384615384616,23.39153846153846,86.78,60.559999999999995,37.26674603132548
548,1,12,52.181666666666665,23.73,83.32,60.5,36.98038890937856
549,1,12,58.448333333333345,23.355833333333333,83.39,60.5,36.48776628124068
550,1,14,51.26928571428571,24.110714285714288,87.3,60.51,37.86283042181369
551,1,14,54.402857142857144,23.790714285714284,87.46,60.46,36.66430804179554
552,1,16,52.059375,24.646250000000002,87.78,60.45,35.47036339392191
553,1,16,51.75625,24.645625000000003,88.03999999999999,60.47,35.41475325407301
554,1,14,53.91571428571428,23.715,88.31,60.42,36.59060388059944
555,1,14,44.202857142857134,24.158571428571427,88.62,60.31,36.19901622296115
556,1,13,49.656153846153835,23.41307692307693,88.88,60.27,36.179125499291594
557,1,15,45.376,24.39266666666667,89.27,60.239999999999995,35.39091903613443
558,1,14,44.54785714285714,24.002857142857145,89.61,60.120000000000005,36.41722798879337
559,1,14,47.857857142857135,24.430714285714288,83.53,60.1,34.629391860271596
560,1,15,44.768666666666675,24.337333333333333,90.29,59.85,35.20677554739207
561,1,15,50.17333333333333,24.750666666666667,83.57,59.63,34.746417011126645
562,1,16,48.832499999999996,24.178125,90.74000000000001,59.22,34.94436573303878
563,1,15,51.20333333333333,25.820666666666664,90.93,58.92,33.81582610422391
564,1,15,50.95799999999999,25.794,91.1,59.25,33.76646107209539
565,1,4,51.875,-0.95,83.53,0.19000000000000006,33.36512213374919
566,1,4,51.875,-0.935,83.53,0.19000000000000006,33.351985698006054
567,1,4,51.87500000000001,-0.93,83.53,0.20000000000000007,33.348707995962904
568,1,4,51.87500000000001,-0.9275,83.53,0.20000000000000007,33.345427628836916
569,1,4,51.8725,-0.925,83.54,0.20000000000000007,33.348580085964684
570,1,4,51.875,-0.925,83.54,0.20000000000000007,33.35352380184139
571,1,5,44.20399999999999,4.684,83.54,28.19,35.37553685811708
572,1,4,51.88249999999999,-0.925,83.54,0.20000000000000007,33.355222136121355
573,1,4,51.88,-0.925,83.53,0.20000000000000007,33.34875072622662
574,1,4,51.877500000000005,-0.925,83.53,0.20000000000000007,33.34709048402875
575,1,4,51.877500000000005,-0.9249999999999999,83.52,0.18000000000000005,33.34562405698835
576,1,4,51.885,-0.9275,83.53,0.19000000000000006,33.3520688076467
577,1,5,51.238,12.325999999999999,83.53999999999999,66.42999999999999,39.92898746524885
578,1,4,51.86,-0.9275,83.49,0.21000000000000008,33.3296702466436
579,1,4,51.847500000000004,-0.9249999999999999,83.44,0.20000000000000007,33.31409827310354
580,1,5,48.748000000000005,11.612,83.44999999999999,62.84,39.43759972412115
581,1,5,49.596,11.604000000000001,83.5,62.81,39.21782768078824
582,1,4,51.875,-0.925,83.52,0.19000000000000006,33.34396422142994
583,1,4,51.88,-0.925,83.53,0.19000000000000006,33.34873723246504
584,1,4,51.885,-0.925,83.53999999999999,0.19000000000000006,33.353510310010854
585,1,4,51.885,-0.9299999999999999,83.53999999999999,0.18000000000000005,33.35678903911466
586,1,4,51.8825,-0.9325,83.53999999999999,0.18000000000000005,33.35512460627302
587,1,4,51.88,-0.9275,83.53999999999999,0.18000000000000005,33.35347011556669
588,1,4,51.88,-0.93,83.53,0.18000000000000005,33.35201493163494
589,1,4,51.88,-0.93,83.53,0.18000000000000005,33.35201493163494
590,1,4,51.87250000000001,-0.9325,83.53,0.19000000000000006,33.3470439094682
591,1,4,51.87,-0.93,83.53999999999999,0.19000000000000006,33.34684317892775
592,1,4,51.877500000000005,-0.9275,83.53999999999999,0.18000000000000005,33.35181010829847
593,1,4,51.900000000000006,-0.9225,83.55,0.2400000000000001,33.37811736377593
594,1,7,54.83142857142857,17.285714285714285,89.67999999999999,46.75,40.458436268671115
595,1,7,54.839999999999996,17.285714285714285,89.66,46.72,40.44469340333533
596,1,7,54.88285714285714,17.285714285714285,89.67,46.71,40.41071660248715
597,1,8,48.96875,20.19125,92.31,46.62,41.63987298101424
598,1,8,48.98125,20.185,92.31,46.6,41.62852941118027
599,1,8,49.14,20.18,90.81,46.57,41.46765576928602
600,1,8,54.19,19.973750000000003,89.62,46.519999999999996,38.49178157006376
601,1,8,54.22125,19.95375,89.62,46.41,38.47328825789394
602,1,9,49.37777777777778,22.214444444444446,89.58,46.29,39.27468930180208
603,1,9,49.425555555555555,22.212222222222223,89.57000000000001,46.269999999999996,39.221873967607216
604,1,9,49.43666666666667,22.211111111111116,89.57000000000001,46.26,39.20741864167048
605,1,8,54.25125,19.9375,89.59,46.29,38.42870255014473
606,1,8,54.20875,19.942500000000003,89.59,46.43,38.55309299767659
607,1,8,54.21625,19.9725,89.58,46.54,38.56134842283786
608,1,8,54.26625,19.99375,89.58,46.68,38.5472754792735
609,1,8,54.40125,19.9875,89.58,46.8,38.433982095113436
610,1,7,40.294285714285714,17.377142857142857,83.51,46.839999999999996,37.47587969859645
610,2,4,75.2825,28.845,48.10999999999999,40.37,25.36557990170932
611,1,6,45.34666666666667,13.521666666666667,83.51,46.86,36.840683165640556
611,2,4,75.25999999999999,28.862499999999997,48.12,40.37,25.398803490518997
612,1,6,45.48333333333334,13.523333333333333,83.51,46.879999999999995,36.742576272100344
612,2,4,75.265,28.865000000000002,48.12,40.379999999999995,25.39785817741331
613,1,6,45.61000000000001,13.525,83.51,46.879999999999995,36.65528372554222
613,2,4,75.47749999999999,28.837500000000002,48.10999999999999,40.39,25.325967651799605
614,1,7,47.64571428571429,17.19142857142857,83.51,46.87,35.297764512669026
614,2,4,75.6,28.8575,48.10999999999999,40.39,25.28412285901965
615,1,6,45.95000000000001,13.521666666666667,83.51,46.85,36.402021654786644
615,2,5,75.72,30.598000000000003,48.12,40.39,22.874001311532712
616,1,6,46.01666666666667,13.518333333333333,83.51,46.839999999999996,36.350613971583904
616,2,5,75.73800000000001,30.6,48.15,40.4,22.880079894965405
617,1,7,53.760000000000005,17.234285714285715,89.62,46.89,39.49485458607881
617,2,4,69.7875,28.3775,34.73,40.21,21.25891195475441
618,1,8,52.64375,19.6775,83.51,46.92,35.635267182771344
618,2,5,60.678,30.444,88.9,40.4,33.46001135684207
619,1,7,52.09142857142859,16.975714285714286,83.51,46.92,37.142049826391144
619,2,4,57.042500000000004,28.667500000000004,88.71,40.39,36.172333177443775
620,1,7,52.15857142857143,16.967142857142857,83.51,46.89,37.081018687986116
620,2,4,57.14,28.71,88.74,40.4,36.21393861484829
621,1,8,58.49875,19.7675,89.66999999999999,46.79,38.40194109270389
621,2,4,51.209999999999994,28.227500000000003,64.9,39.87,30.045566540672855
622,1,7,52.70857142857143,16.94142857142857,83.52,46.739999999999995,36.62939368366139
622,2,4,57.2,28.7025,88.7,40.4,36.212647220964115
623,1,7,52.73571428571429,16.937142857142856,83.53,46.72,36.60958952102522
623,2,5,60.848,30.477999999999998,88.67999999999999,40.4,33.38242819208932
624,1,7,52.76,16.931428571428572,83.53,46.68,36.60816826438424
624,2,5,60.826,30.502,88.67,40.4,33.374640672222974
625,1,10,58.924,19.541,90.26,46.53,35.41898915835967
626,1,9,55.862222222222215,17.448888888888888,90.3,46.51,35.511489290157044
627,1,10,58.847,19.599,90.5,46.64,35.586245236045905
628,1,9,55.84777777777778,17.567777777777778,90.47999999999999,46.62,35.61660085957282
629,1,9,55.632222222222225,17.62,89.77,46.59,35.596343063665586
630,1,9,55.52555555555555,17.60888888888889,89.57,46.58,35.57117202191046
631,1,9,57.760000000000005,17.395555555555557,89.48,46.48,36.689869661835395
632,1,9,55.39333333333334,17.546666666666667,89.3,46.51,35.5689693100289
633,1,9,55.547777777777775,17.58111111111111,89.63,46.59,35.63684461098037
634,1,10,58.548,19.514999999999997,89.33000000000001,46.5,35.42674443129089
635,1,10,58.513,19.496999999999996,89.31,46.49,35.37516363213039
636,1,10,58.532999999999994,19.569,89.3,46.58,35.37678490196643
637,1,10,58.538,19.594,89.31,46.629999999999995,35.38125435877027
638,1,9,55.75000000000001,17.645555555555557,89.89,46.66,35.590321440623626
639,1,10,58.946000000000005,19.627000000000002,90.12,46.68,35.556229060461405
640,1,10,58.952,19.543,90.2,46.59,35.50034023780617
641,1,10,58.973,19.512,90.26,46.519999999999996,35.51890112320481
642,1,10,58.799,19.532,89.93,46.580000000000005,35.48942581953109
643,1,10,58.737,19.547999999999995,89.8,46.6,35.48368325019261
644,1,10,58.851,19.516000000000002,89.92999999999999,46.519999999999996,35.471037100710774
645,1,10,58.894999999999996,19.503999999999998,89.97,46.489999999999995,35.46531867895733
646,1,10,58.95700000000001,19.566,90.09,46.61,35.529878764217585
647,1,10,58.94500000000001,19.619999999999997,90.07,46.669999999999995,35.55449767610281
648,1,10,58.549,19.619,89.36,46.699999999999996,35.42533384458077
649,1,9,55.4511111111111,17.64333333333333,89.28999999999999,46.669999999999995,35.56889541421907
650,1,10,59.361000000000004,23.435,89.22,46.550000000000004,35.01473709739943
651,1,8,58.60249999999999,19.707500000000003,89.55999999999999,46.6,38.23159050445063
652,1,9,59.51777777777777,21.793333333333333,89.65,46.61,36.542548344446
653,1,9,59.30777777777777,21.73222222222222,89.34,46.52,36.493109107688795
654,1,8,56.03625,19.814999999999998,89.16999999999999,46.55,36.85809508693443
655,1,8,54.35,19.6075,83.56,46.64,35.16270707368817
656,1,6,59.95833333333334,11.501666666666665,83.4,38.25,34.9100366816065
657,1,13,56.97846153846154,21.95846153846153,85.53999999999999,49.019999999999996,32.904767644337056
658,1,14,54.67071428571429,21.972857142857144,85.06,48.86,32.432649310941756
659,1,14,54.280714285714275,21.910714285714285,84.17,48.13,32.202912230455944
660,1,13,51.82,20.97846153846154,83.48,47.74,32.20645918162616
661,1,12,54.66416666666666,22.798333333333336,76.5,47.57,30.05097760241938
662,1,12,54.175000000000004,22.772499999999997,76.65,47.57,29.997228378913054
663,1,13,54.60076923076924,21.99769230769231,83.56,47.86000000000001,30.924167451111412
664,1,14,50.91857142857143,22.300714285714285,83.55,48.18,31.524437079244812
665,1,14,49.929285714285705,22.649999999999995,83.64,48.55,31.591714660715734
666,1,13,51.46769230769231,22.046923076923083,83.57,48.87,31.382733012931595
667,1,12,53.08583333333334,22.0275,83.5,49.199999999999996,31.323230618646104
668,1,15,45.606,23.176000000000002,83.55,49.35,31.42552287552269
669,1,13,43.01153846153845,25.38538461538462,71.67999999999999,49.79,29.278022595465554
670,1,14,45.78285714285715,23.774285714285714,85.3,50.14,31.90099352300962
671,1,14,45.165714285714294,24.046428571428574,85.46,50.45,31.959470163994666
672,1,13,47.38230769230769,24.33076923076923,83.50999999999999,50.89,31.412243721537973
673,1,13,46.26153846153846,24.48615384615384,85.28,51.449999999999996,32.0090413632474
674,1,16,43.78125,23.031875,85.17,51.660000000000004,30.482918801713776
675,1,14,46.46999999999999,24.043571428571425,84.74,51.96,31.071753044282808
676,1,14,41.87714285714285,24.227857142857143,84.97999999999999,52.44,31.3874173167581
677,1,14,41.262142857142855,24.50714285714286,85.61,52.82,31.54999447750526
678,1,13,41.53615384615385,24.05923076923077,85.97,53.25,32.59354631730738
679,1,14,40.005,24.950714285714287,86.47,53.68,31.87462026984696
680,1,16,42.364375,23.720625000000002,86.63,53.83,31.108759505463247
681,1,15,39.87466666666667,24.516000000000002,86.83,53.85,31.16776875056809
682,1,14,38.78857142857142,25.442857142857147,87.1,54.07,32.273067560985254
683,1,15,38.67933333333334,24.958666666666666,87.69,54.36,31.469887476407948
684,1,14,38.54071428571428,26.987857142857145,88.13,54.790000000000006,32.764256579139314
685,1,14,37.69857142857143,26.11214285714285,88.1,55.1,32.62505545385857
686,1,14,37.67285714285714,26.17785714285714,88.06,55.21,32.65056980626019
687,1,15,41.374,25.912,87.74000000000001,55.559999999999995,30.946371677468104
688,1,15,41.51533333333334,26.132000000000005,87.44,56.02,31.02088588175536
689,1,16,42.4375,25.57,87.3,56.52,30.45763440830558
690,1,17,45.029411764705884,25.901176470588236,87.24,57.03,31.293434822271884
691,1,15,42.12133333333333,26.86466666666667,87.08,57.480000000000004,31.573289709992384
692,1,15,42.34066666666667,25.771333333333327,86.82,57.79,31.782156069789295
693,1,15,42.462,25.824666666666662,86.7,57.9,31.825075242993886
694,1,15,42.72533333333333,25.839333333333332,86.53999999999999,58.11,31.930632592821862
695,1,16,40.960625,26.097500000000004,86.14999999999999,58.5,31.959036274727918
696,1,17,41.71470588235294,26.61764705882353,85.72,58.82,31.292866438940965
697,1,15,42.836666666666666,26.275333333333336,85.46,59.14,32.39539402102987
698,1,14,44.675000000000004,25.992857142857144,85.45,59.35,32.83529463823329
699,1,4,51.825,-0.9625000000000001,83.52000000000001,0.19000000000000006,33.35749831372251
700,1,4,51.825,-0.9474999999999999,83.51,0.19000000000000006,33.35277490329703
701,1,4,51.8275,-0.9400000000000001,83.51,0.20000000000000007,33.351162929499175
702,1,4,51.8275,-0.9375,83.51,0.20000000000000007,33.35116695859382
703,1,4,51.835,-0.915,83.46000000000001,0.20000000000000007,33.33892169821934
704,1,4,51.8425,-0.9075,83.44,0.20000000000000007,33.33437996273517
705,1,4,51.817499999999995,-0.9175,83.39999999999999,0.20000000000000007,33.33489444261073
706,1,4,51.832499999999996,-0.91,83.42,0.20000000000000007,33.3313166369107
707,1,5,44.242000000000004,9.742,83.41999999999999,53.39,39.592882087567205
708,1,5,44.218,9.588,83.41,52.63,39.4797719344983
709,1,5,50.392,12.963999999999999,83.37,69.49,40.80735276883322
710,1,5,49.80799999999999,13.014000000000001,83.39,69.76,40.99116441380996
711,1,5,44.30200000000001,9.616,83.41,52.78,39.46559564988219
712,1,6,44.028333333333336,19.388333333333335,83.42,69.27000000000001,42.136030438463365
713,1,6,44.073333333333345,19.348333333333333,83.42,69.43,42.14534497163095
714,1,7,48.76714285714286,24.287142857142857,83.4,69.4,42.57141510066901
715,1,6,43.905,19.26666666666667,83.37,70.0,42.147280424983805
716,1,6,43.85333333333333,19.34,83.39,69.83,42.15500392071569
717,1,7,48.857142857142854,24.099999999999998,83.37,69.67,42.53778445244239
718,1,6,43.84666666666667,19.326666666666668,83.38,69.7,42.11598165911738
719,1,7,48.64999999999999,24.324285714285715,83.39999999999999,69.68,42.672616799181604
720,1,5,49.598,12.803999999999998,83.5,68.7,40.794399615633516
721,1,6,54.598333333333336,20.395,83.53,68.37,42.31660437175407
722,1,7,48.93571428571429,24.84857142857143,83.49000000000001,67.07000000000001,42.99161323052748
723,1,6,54.73,20.400000000000002,83.53,67.2,42.25334582412774
724,1,6,54.791666666666664,20.334999999999997,83.55,66.87,42.18375760355585
725,1,5,49.914,12.680000000000001,83.53999999999999,68.01,40.55777686215062
726,1,6,44.001666666666665,19.531666666666666,83.53999999999999,68.29,42.222482491887874
727,1,7,49.021428571428565,25.11285714285714,83.53,67.84,43.180601842843785
728,1,5,50.05,12.616,83.52000000000001,67.73,40.45321772121471
729,1,6,43.85833333333334,19.340000000000003,83.53,68.80000000000001,42.149591700935325
730,1,5,49.821999999999996,12.802000000000001,83.56,68.68,40.760859559140805
731,1,6,54.75333333333333,20.596666666666664,83.56,68.73,42.43485647960229
732,1,5,49.826,12.764,83.58,68.45,40.69704618273911
733,1,5,57.129999999999995,9.814,83.57000000000001,53.67,38.215949340556755
734,1,7,48.761428571428574,24.58285714285714,83.58,68.28,42.869449709173395
735,1,4,51.8475,-0.9750000000000001,83.33,0.16000000000000003,33.321107330789594
736,1,9,44.79222222222223,19.334444444444443,91.16999999999999,42.43,35.49628615593746
737,1,9,45.60666666666666,19.39,89.57000000000001,42.519999999999996,35.535009654017415
738,1,11,40.66454545454546,22.629090909090912,90.95,42.74,35.500019415662244
739,1,11,41.592727272727274,22.617272727272727,90.05,42.83,35.475597805666666
740,1,12,44.77166666666667,23.765833333333333,89.63,42.83,35.465290142068646
741,1,12,45.67249999999999,23.781666666666666,88.88999999999999,42.75,35.521118356627724
742,1,12,46.71000000000001,23.723333333333333,88.94,42.75,35.759738145325144
743,1,13,44.15615384615384,23.651538461538465,88.96,42.79,35.79875382115876
744,1,13,45.24384615384616,23.680769230769233,87.92,42.99,35.82099298542042
745,1,13,46.129999999999995,23.696923076923078,86.99,43.08,36.0483641759694
746,1,14,48.152857142857144,24.929285714285715,94.10000000000001,43.1,38.738552759466366
747,1,14,43.86642857142857,27.541428571428572,94.89999999999999,43.1,36.45111510430015
748,1,14,44.79642857142857,24.992142857142856,95.8,43.15,37.36456128199444
749,1,12,49.747499999999995,23.598333333333333,98.01,43.22,38.693924363378926
750,1,13,47.55076923076923,24.216923076923077,99.38999999999999,43.18000000000001,38.9106653060085
751,1,10,43.837999999999994,20.855,83.38,43.03,34.708564087268144
752,1,10,53.027,20.739000000000004,84.80000000000001,42.97,35.73929951747795
753,1,11,48.69636363636364,22.29363636363636,94.33,42.949999999999996,37.571963567013526
754,1,9,55.96666666666667,18.287777777777777,86.95,38.1,36.58273569072281
755,1,10,55.123000000000005,20.756,88.8,43.129999999999995,36.0532395909161
756,1,9,57.60444444444444,18.405555555555555,90.74000000000001,37.44,37.050294412452146
757,1,9,62.385555555555555,23.172222222222224,82.75999999999999,43.76,33.626945507993
758,1,10,53.574,20.271,100.38000000000001,39.47,39.74622187076402
759,1,11,53.38999999999999,22.303636363636365,100.7,43.91,38.56595796877846
760,1,11,53.93636363636363,22.295454545454543,100.54,43.94,38.62340520658512
761,1,9,44.6,23.954444444444444,93.14,43.85,34.6852005299446
762,1,9,54.68000000000001,23.980000000000004,93.97,43.89,35.379905470635606
763,1,9,46.093333333333334,24.095555555555556,94.73,44.05,35.32237789627014
764,1,8,56.40125,18.16375,95.78999999999999,44.400000000000006,39.393290791389845
765,1,10,51.864999999999995,21.624000000000002,96.12,44.52,37.39555440155955
765,2,3,43.403333333333336,12.956666666666669,44.15,32.17,23.196578291731832
766,1,10,52.409000000000006,21.612000000000002,97.00999999999999,44.65,37.59083086339008
767,1,10,53.071000000000005,21.607000000000003,97.76,44.73,37.75767829197129
767,2,3,45.00999999999999,12.93,46.0,32.26,23.578272484075956
768,1,9,47.968888888888884,20.39111111111111,84.94,44.85,35.179041705376825
768,2,3,46.160000000000004,12.926666666666668,46.3,32.29,23.540119418181
769,1,8,49.426249999999996,18.69625,83.84,45.14,36.96710053378544
770,1,9,44.654444444444444,21.267777777777777,92.64999999999999,45.25,38.936338037276776
771,1,9,44.878888888888895,21.267777777777777,92.60000000000001,45.29,38.99182456254194
772,1,9,45.40222222222222,21.273333333333333,92.25,45.32,39.098795314711786
773,1,11,45.208181818181814,23.816363636363636,92.34,45.32,36.06598601324298
774,1,10,46.914,22.55,92.19000000000001,45.32,37.683223641296934
775,1,11,46.82272727272728,23.854545454545452,92.03,45.519999999999996,36.47481159638436
776,1,9,56.745555555555555,24.763333333333335,78.07000000000001,45.7,32.64016173404617
777,1,9,57.006666666666675,24.811111111111114,77.9,45.75,32.69493825738658
778,1,11,48.13727272727274,24.030909090909095,91.45,45.96,36.924269315218815
779,1,11,48.6090909090909,23.978181818181817,91.26,46.06,36.99916811662546
780,1,11,48.99909090909091,23.965454545454545,91.07000000000001,46.35,37.15685812585779
781,1,11,49.39090909090908,24.029090909090908,91.03999999999999,46.800000000000004,37.33747177229743
782,1,11,49.723636363636366,24.061818181818182,91.69000000000001,47.1,37.6080417152089
783,1,12,47.862500000000004,24.763333333333335,91.28999999999999,47.2,36.64255937620746
784,1,11,49.940000000000005,24.034545454545455,91.52000000000001,47.17,37.697167572315124
785,1,11,50.07818181818182,23.94909090909091,92.64,47.160000000000004,37.806243898144
786,1,11,50.20818181818183,23.96090909090909,93.7,47.25,37.934838215197686
787,1,11,50.343636363636364,23.953636363636363,94.95,47.25,38.070637109422734
788,1,12,48.74999999999999,24.786666666666665,95.95,47.25,37.08079047461397
789,1,12,48.77166666666667,24.775000000000002,96.27,47.25,37.1112007650281
790,1,12,48.865833333333335,24.766666666666666,97.03,47.220000000000006,37.20268735626202
791,1,12,48.89166666666666,24.769166666666667,97.64999999999999,47.21,37.274293262172584
792,1,11,53.3,23.19727272727273,88.52,47.2,35.45737648370841
793,1,12,48.94166666666667,24.73,98.49,47.26,37.322135262543
794,1,4,51.932500000000005,-0.405,83.36,2.27,33.32453441160131
795,1,6,48.38666666666666,28.18166666666667,89.42,63.34,43.24569692787686
796,1,7,53.75,24.32,89.16,63.519999999999996,44.929822421829606
797,1,7,52.67285714285714,24.502857142857145,88.38999999999999,63.75,45.32174105487231
798,1,6,45.38333333333333,28.92,87.76,64.11,44.16311910280895
799,1,7,51.48571428571428,24.69142857142857,87.96,64.01,45.51413792460985
800,1,8,44.945,28.22375,94.71,63.95,46.45996715923828
801,1,6,57.975,20.341666666666665,84.75,63.99,43.646446654401956
802,1,6,57.69166666666666,20.316666666666666,84.66999999999999,64.21,43.80653036680465
803,1,6,57.05166666666667,20.255,83.31,64.17,43.73725268260711
804,1,6,56.41833333333333,21.131666666666668,82.83999999999999,63.800000000000004,43.22487626098862
805,1,7,54.91285714285714,26.888571428571428,82.13,63.74,42.23532446487254
806,1,8,50.60125,24.31125,81.74000000000001,63.86,41.364953425272944
807,1,8,54.98625,16.615,83.41,63.879999999999995,42.00894635000383
808,1,8,50.14375,22.61625,83.6,64.09,41.732873695385514
809,1,8,58.065000000000005,29.26625,82.58,64.15,40.615989135283904
810,1,9,51.27555555555555,26.96333333333333,85.44,64.45,41.54283254428457
811,1,8,54.56375,30.846249999999998,83.27000000000001,65.18,40.75692882044721
812,1,10,50.655,24.717,90.6,66.45,41.37131090502209
813,1,10,60.79100000000001,29.82,95.98,66.78999999999999,41.35641678143792
814,1,9,65.16111111111111,33.26555555555555,74.89,67.53999999999999,38.189641281826255
815,1,7,49.59142857142857,25.87,83.45,68.37,41.6904437246617
816,1,9,56.5,32.70333333333334,92.06,69.09,42.386571510850516
817,1,8,54.386250000000004,29.61375,90.25,66.08,43.88005950172584
818,1,8,53.4925,29.625,89.36,65.56,43.97236454581445
819,1,8,53.20125,29.6275,89.18,65.39,44.028830096738886
820,1,8,52.71125,29.9925,88.86,68.53,44.37364763784357
821,1,8,51.802499999999995,34.43875,88.39999999999999,69.7,44.035727877344094
822,1,10,56.339999999999996,31.755000000000003,87.53999999999999,70.2,42.623447830976794
823,1,9,55.25333333333334,30.642222222222227,86.45,70.44,45.06644101959727
824,1,8,59.64625,26.002499999999998,85.58000000000001,65.78,43.485718542844616
825,1,10,53.811,28.277000000000005,85.32000000000001,70.14,43.28593339642799
826,1,8,50.488749999999996,28.2275,84.66,70.63,42.93761060757224
827,1,8,50.16,28.78625,85.25999999999999,70.77000000000001,43.12036958836856
828,1,6,47.53333333333333,11.793333333333335,85.44,67.01,38.13776401999001
829,1,6,47.535,32.26,74.16,70.79,43.17733114725828
830,1,6,44.57833333333334,33.11,77.17999999999999,70.81,43.16745626690963
831,1,8,56.972500000000004,25.11,85.48,70.80000000000001,45.47873891996127
832,1,7,50.33714285714285,27.85285714285714,82.50999999999999,67.72,44.71364554539457
833,1,7,48.89142857142856,28.169999999999995,84.83,69.15,45.180237597734646
834,1,8,45.55875,29.55625,84.0,70.77000000000001,43.24840499226532
835,1,7,48.558571428571426,23.534285714285716,83.75999999999999,67.64,41.322923519074315
836,1,7,46.86571428571428,23.484285714285715,82.6,67.87,41.652016488412904
837,1,8,52.120000000000005,28.755,83.92,69.13000000000001,44.75086284084364
838,1,8,50.7975,28.58875,83.34,69.45,44.87168600228322
839,1,8,49.522499999999994,28.958750000000002,83.26,68.99,45.414799401599254
840,1,8,48.2225,29.0375,84.46000000000001,70.27999999999999,45.789167250562656
841,1,8,46.9625,28.91125,86.52,70.43,45.69302276811526
842,1,7,51.182857142857145,27.97142857142857,83.49000000000001,70.42999999999999,45.74346702546938
843,1,7,49.68714285714286,27.447142857142858,83.33000000000001,70.05,44.756091182756165
844,1,7,49.05571428571428,27.375714285714285,83.13,70.06,44.57611426835347
845,1,5,51.346000000000004,11.224,83.14,60.42,38.29307624101255
846,1,6,54.88166666666666,20.463333333333335,83.33,68.84,41.727725428597765
847,1,6,54.5,20.331666666666667,83.39,68.51,41.69849014719304
848,1,6,54.335,19.87,83.39999999999999,67.35,41.45970563892931
849,1,5,49.298,10.505999999999998,83.45,56.77,37.77899045766046
850,1,5,49.11,10.482,83.46,56.67,37.80656683699275
851,1,6,53.69833333333333,19.411666666666665,83.62,65.71,41.32049323412187
852,1,7,54.72714285714286,25.632857142857144,83.64,64.98,41.301874889498116
853,1,6,50.68666666666667,19.301666666666666,83.67999999999999,65.38000000000001,40.20776047951164
854,1,7,55.058571428571426,25.747142857142855,83.64999999999999,65.71,41.61567051788378
855,1,6,50.656666666666666,19.726666666666667,83.65,68.14,40.814280725147064
856,1,6,53.25666666666667,19.328333333333337,83.63,65.38000000000001,41.89890495121694
857,1,8,51.143750000000004,27.99,83.62,65.42,39.504126663394295
858,1,8,54.029999999999994,29.0225,83.66,65.81,40.009864018139325
859,1,7,50.715714285714284,24.057142857142857,83.67999999999999,65.4,38.961527386981764
860,1,8,52.315,27.713749999999997,83.61,65.7,39.00386581401259
861,1,7,52.51285714285715,24.654285714285713,83.59,66.1,40.79419516528882
862,1,6,54.01500000000001,19.569999999999997,83.61,66.96,41.80361338050416
863,1,7,55.04,26.027142857142856,83.63,66.66,41.96745974622505
864,1,7,55.51857142857143,25.330000000000002,83.63999999999999,64.82,41.30361327278468
865,1,6,51.39333333333334,19.278333333333332,83.62,65.2,40.11073550532049
866,1,7,55.54571428571428,25.335714285714285,83.65,65.03999999999999,41.32416128758634
867,1,8,54.76625000000001,28.66125,83.65,65.05,39.87330478371463
868,1,7,55.449999999999996,25.389999999999997,83.64,65.44,41.4183779085013
869,1,7,55.547142857142866,25.374285714285715,83.65,65.59,41.33956063469214
870,1,7,55.527142857142856,25.560000000000002,83.63,65.65,41.45548514949007
871,1,7,55.48428571428571,25.377142857142854,83.63000000000001,65.72,41.26486799460584
872,1,7,55.47714285714286,25.304285714285715,83.64,65.79,41.19731391085331
873,1,7,54.72571428571428,25.609999999999996,83.58,65.67,41.58822081075459
874,1,7,54.58571428571429,25.725714285714282,83.58,65.62,41.68883979274676
875,1,7,54.76285714285715,25.761428571428574,83.61,65.5,41.61532792574567
876,1,8,53.70625,28.715000000000003,83.58,65.39,39.839744269228184
877,1,7,54.934285714285714,25.625714285714288,83.62,65.54,41.49708310378512
878,1,6,54.0,19.19333333333333,83.64,64.84,41.454696423391596
879,1,7,50.078571428571436,23.849999999999998,83.60000000000001,65.4,38.96851492040774
880,1,7,54.144285714285715,25.662857142857142,83.65,65.31,41.811664323121455
881,1,8,53.7,28.7375,83.63,65.78,39.94704017508681
882,1,7,54.08714285714286,25.704285714285714,83.65,65.52000000000001,41.84778559474412
883,1,7,50.71142857142858,23.65142857142857,83.67999999999999,65.53,38.713804794060906
